"Timestamp","Username","1.  What is your age group?  "," 2. How frequently do you use Google Photos?  ","3. Approximately how many photos/videos do you have in Google Photos?  ","4. How long have you been using Google Photos?  ","5. What types of photos do you mainly keep in Google Photos? ","6. Have you ever tried to find an old photo when you remembered the photo but did NOT remember the exact date?  ","7. When trying to find an old photo without knowing the exact date, what do you usually remember?  ","8. What do you normally try first when searching for an old photo?  ","9. How often does Google Photos show you results that are NOT what you were looking for?  ","10. How difficult is it to find an old photo when you don't remember its exact date?  ","11. When your first search doesn't work, what do you normally do?  ","12. How many different searches do you typically try before finding the photo or giving up?  ","13. Have you ever known that a particular photo existed but still been unable to find it in Google Photos?  ","14. If yes, what type of photo was it?  ","15. Can you briefly describe one real situation where you had difficulty finding a photo?  ","16. What usually happens when you cannot find the photo?  ","17. Have you ever searched for the same photo somewhere outside Google Photos because you couldn't find it there?  ","18. Where did you search?  ","19. What is the biggest difficulty you face when trying to find an old photo?  ","20. When you see search results, what makes it difficult to identify the photo you're looking for?  ","21. Have you ever completely given up searching for a photo?  ","22. What would make finding an old photo easier for you?  ","23. Is there anything else about searching for or finding old photos that you think Google Photos could improve?  "
"2026/09/30 10:23:57 PM GMT+5:30","","25–34","A few times a week","2,000–5,000","2–5 years","Family/friends;Travel/vacations;Events/celebrations;Food/restaurants;Screenshots;Receipts/bills","Yes, sometimes","Approximate year/time period;Person/persons;Activity/event","Search by person","4","4","Make the search more specific","4–5","Frequently","Family/friend photo;Travel photo;Event/celebration;Screenshot;Receipt/bill","Unable to find my travel photo","I keep trying different searches","Sometimes","Google Drive","I don't remember the location;Search gives too many results;Search gives irrelevant results","Results are not ordered the way I expect","Sometimes","Option 1","NA"
"2026/09/30 10:43:00 PM GMT+5:30","trishugupta19@gmail.com","25–34","A few times a week","2,000–5,000","2–5 years","Family/friends;Travel/vacations;Events/celebrations;Food/restaurants;Screenshots;Receipts/bills;Documents;Work-related images","Yes, sometimes","Location;Person/persons;Activity/event;Where I received/shared it","Search using words","3","4","Make the search more specific","More than 5","Sometimes","Travel photo;Event/celebration;Screenshot","I was trying to find an old photo but couldn’t remember the exact date or album, so it took a long time to locate it.","I look through albums","Sometimes","WhatsApp","I don't remember the exact date;Search gives too many results;I have to manually scroll through many photos;I forget what information I originally saved with the photo","Similar-looking photos","Once or twice","Better search by people, objects, location, and approximate time, even when I don’t remember the exact date.","Better suggestions when I only remember what was in the photo or roughly when/where it was taken, rather than the exact date or name."
"2026/09/30 10:47:54 PM GMT+5:30","priyanka.reddy586@gmail.com","35–44","Daily","2,000–5,000","2–5 years","Family/friends;Travel/vacations;Events/celebrations","Yes, sometimes","Person/persons","Search using words","3","3","Try different search words","3","Sometimes","Family/friend photo;Travel photo;Event/celebration",".","I keep trying different searches","Frequently","Phone gallery/file manager","I don't know what words to search","Too many results","Sometimes",".","."
"2026/10/01 9:51:20 AM GMT+5:30","falguniahuja666@gmail.com","25–34","Rarely","Less than 1,000","I don't remember","Family/friends;Travel/vacations;Events/celebrations;Food/restaurants;Screenshots;Receipts/bills;Tickets/bookings;Documents;Memes/social media images;Work-related images;Other","Yes, once or twice","Approximate year/time period","Search by date/time period","3","3","Use filters","4–5","Sometimes","Pet photo","NA","I search another app such as WhatsApp/Telegram","Sometimes","Instagram","Search gives too many results","Irrelevant results","Once or twice","NA","NA"
"2026/10/01 10:31:21 AM GMT+5:30","rishikesh.r.nerkar@gmail.com","25–34","Multiple times a day","10,000–20,000","5–10 years","Family/friends;Travel/vacations;Events/celebrations;Food/restaurants;Pets;Screenshots;Receipts/bills;Tickets/bookings;Documents;Work-related images;Other","Yes, once or twice","Person/persons;Activity/event;Object/item in the photo","Search by person","1","1","Try different search words","4–5","Never","Not applicable","I usually don't get any difficulty while finding the photo because I give right context for it","I search another app such as WhatsApp/Telegram","Sometimes","WhatsApp","I don't remember the exact date;I forget what information I originally saved with the photo;I usually don't have much difficulty","I don't know how to narrow the results","Sometimes","If I just express me feeling about that image in my mind, it should show of the result, the feelings in words can be very lengthy or very short. E.g. a beautiful day when I was reading something about nature and after that I really enjoyed the whole day because I knew about the unknowns of the nature.","It should predict how my day look like based on my future events"
"2026/10/01 12:12:28 PM GMT+5:30","ardhirohit86@gmail.com","25–34","A few times a week","5,000–10,000","5–10 years","Family/friends;Travel/vacations;Events/celebrations;Food/restaurants;Pets;Screenshots;Receipts/bills;Tickets/bookings;Memes/social media images;Work-related images","Yes, sometimes","Location;Person/persons;Activity/event;Object/item in the photo;Color/appearance","Search using words","2","5","Browse the timeline manually","4–5","Sometimes","Family/friend photo;Travel photo;Pet photo","NA","I browse my timeline","Sometimes","WhatsApp","I have to manually scroll through many photos","Irrelevant results","Sometimes","By describing the photo and getting suggestions","No"
"2026/10/01 12:13:14 PM GMT+5:30","ksudhakarrreddy@gmail.com","25–34","Rarely","Less than 1,000","5–10 years","Receipts/bills;Tickets/bookings;Documents","Yes, frequently","Approximate year/time period;Location;Person/persons;Activity/event","Browse through the photo timeline","3","5","Try another person/location/date","4–5","Sometimes","Family/friend photo;Travel photo;Screenshot;Food/photo of an item","I was trying to find a photo of an old friend  that was taken about 4 years back, but faced difficulty finding it. After multiple attempts was able to find it.","I come back and try later","Sometimes","Phone gallery/file manager","I don't know what words to search;I don't remember the exact date;Search gives too many results;I have to manually scroll through many photos;Screenshots/receipts/documents are difficult to find;I forget what information I originally saved with the photo","I have to inspect many thumbnails","Once or twice","Face and name attached to each picture","NA"
"2026/10/01 12:15:41 PM GMT+5:30","sonimis.2001@gmail.com","25–34","A few times a week","2,000–5,000","5–10 years","Family/friends;Travel/vacations","Yes, frequently","Person/persons","Search by person","3","5","Make the search broader","4–5","Frequently","Family/friend photo;Travel photo","I was searching for an old travel photo, could not find as there was no face","I give up completely","Sometimes","WhatsApp","I don't know what words to search;I don't remember the exact date","Similar-looking photos","Sometimes","If i can describe and it will find","Yes can sync quickly "
"2026/10/01 12:22:02 PM GMT+5:30","ds490808@gmail.com","25–34","Rarely","I don't know","More than 10 years","Family/friends;Travel/vacations;Events/celebrations","Yes, sometimes","Location;Person/persons;Activity/event","Search by location","4","1","Make the search more specific","4–5","Sometimes","Event/celebration;Screenshot;Other","When I was trying to find a photo where I wear the same dress and went two different events one after another. ","I browse my timeline","Frequently","Phone gallery/file manager","I don't know what words to search","Irrelevant results","Sometimes","I don't know ",". "
"2026/10/01 12:42:41 PM GMT+5:30","suvendurout81@gmail.com","25–34","A few times a week","More than 20,000","More than 10 years","Family/friends;Travel/vacations;Events/celebrations;Food/restaurants","Yes, frequently","Location;Person/persons;Almost nothing except what the photo looked like","Search by person","3","5","Browse the timeline manually","More than 5","Frequently","Family/friend photo;Travel photo;Event/celebration","That was a nature photo of me and my friends but unable to recover it","I browse my timeline","Frequently","Phone gallery/file manager","Screenshots/receipts/documents are difficult to find","Results are not ordered the way I expect","Frequently","Search by describing the image","Increase the backup"
"2026/10/01 12:50:17 PM GMT+5:30","ansh.yadav2025@sibmnagpur.edu.in","25–34","A few times a week","2,000–5,000","2–5 years","Family/friends;Travel/vacations;Events/celebrations;Food/restaurants;Pets;Screenshots;Receipts/bills;Documents","Yes, sometimes","Location;Person/persons;Activity/event;Object/item in the photo","Search using words","3","3","Try different search words","3","Sometimes","Event/celebration","I went one place with my friends but as unable to remember the dates n oplace i had difficulty to find them","I look through albums","Sometimes","Google Drive","I don't remember the exact date;I don't remember the location;Search gives too many results;Screenshots/receipts/documents are difficult to find","Too many results","Sometimes","If date wise, it will show it will be easy to find","Yes"
"2026/10/01 12:58:58 PM GMT+5:30","swar.sharma8@gmail.com","25–34","A few times a month","10,000–20,000","More than 10 years","Family/friends;Travel/vacations;Events/celebrations;Food/restaurants;Screenshots;Receipts/bills;Documents;Work-related images","Yes, sometimes","Approximate year/time period;Where I received/shared it;Almost nothing except what the photo looked like","Browse through the photo timeline","3","2","Open and inspect many thumbnails","3","Once or twice","Family/friend photo;Travel photo;Document","Unable to find marksheet","I search another app such as WhatsApp/Telegram","Frequently","Phone gallery/file manager","I don't know what words to search","I have to inspect many thumbnails","Sometimes","Not sure","Na"
"2026/10/01 1:04:53 PM GMT+5:30","nainamita2002@gmail.com","18–24","Multiple times a day","2,000–5,000","2–5 years","Family/friends;Travel/vacations;Events/celebrations;Food/restaurants;Screenshots;Receipts/bills;Tickets/bookings;Documents","Yes, sometimes","Person/persons","Search by person","2","3","Make the search more specific","2","Sometimes","Family/friend photo",".","I look through albums","Sometimes","WhatsApp","I don't remember the exact date","Similar-looking photos","Frequently",".","."
"2026/10/01 1:17:00 PM GMT+5:30","gokulroshin@gmail.com","25–34","Rarely","10,000–20,000","More than 10 years","Family/friends;Travel/vacations;Events/celebrations;Screenshots","Yes, sometimes","Approximate year/time period","Search using words","4","4","Try another person/location/date","3","Sometimes","Family/friend photo;Travel photo","Me and my friend doing a ramp walk","I keep trying different searches","Sometimes","Phone gallery/file manager","I don't know what words to search;I have to manually scroll through many photos","Too many results","Sometimes","Ai assistance","No"
"2026/10/01 2:39:35 PM GMT+5:30","guptarahul184563@gmail.com","18–24","A few times a week","1,000–2,000","2–5 years","Other","Yes, sometimes","Approximate year/time period","Search albums","3","4","Try different search words","I usually don't remember","Sometimes","Other","Yeh i just find my collage time pictures to facing too much trouble ","I look through albums","Frequently","Other","I have to manually scroll through many photos","Important information/text isn't searchable","Never","I don't know ","Yeh absolutely "
"2026/10/01 3:33:51 PM GMT+5:30","sasneha1999@gmail.com","25–34","A few times a week","More than 20,000","5–10 years","Family/friends;Travel/vacations;Events/celebrations;Food/restaurants;Screenshots;Receipts/bills;Memes/social media images;Other","No","Approximate year/time period;Location;Person/persons","Search by date/time period","1","2","Make the search broader","4–5","Once or twice","Other","As such I don't remember.. but it happened with me 1 to 2 times. ","I come back and try later","Once or twice","Other","I usually don't have much difficulty","I don't face this problem","Once or twice","Not applicable in this case. ","Not applicable in this case"
"2026/10/01 6:57:05 PM GMT+5:30","ananta.mohanta1992@gmail.com","25–34","Multiple times a day","5,000–10,000","I don't remember","Family/friends;Travel/vacations;Events/celebrations;Food/restaurants;Pets","Yes, frequently","Approximate year/time period;Location;Person/persons","Search by person","4","5","Try another person/location/date","4–5","Frequently","Family/friend photo;Travel photo;Pet photo","Na","I keep trying different searches","Frequently","Instagram","I don't know what words to search;I don't remember the exact date;I don't remember the location","Similar-looking photos","Sometimes","Na","No"